vendorId,vendorname,vendoremail,vendorpassword,vendoraddress1,vendoraddress2,zipcode,vendorphone,cuisine,businessType
1,Funk Group,ihenrichs0@globo.com,siuimJCVsN,17 Magdeline Junction,,14866,8607480669,Chinese,Restaurant
2,HamillVonRueden,fcaldecourt1@blogger.com,8NY8qel2fsMc,9430 Ridgeway Avenue,,89751,5719551293,Pakistani,Restaurant
3,Gislason-Kuvalis,gislep2@foxnews.com,vqQPEzW1ta1y,9 Schiller Street,,72124,5408344343,Central American,Restaurant
4,Bogisich LLC,sgambie3@weibo.com,2IeHux4,596 Hazelcrest Point,,96576,2023568521,Aleut,Restaurant
5,Wilderman Group,hsneezum4@weibo.com,5BeA6gm,2849 Granby Terrace,,20888,9161928161,Crow,Restaurant
6,Walsh Inc,jsymondson5@jiathis.com,64QNzfC,78313 Gerald Crossing,,26295,3045215087,Ecuadorian,Restaurant
7,Huels and Windler,gbroome6@freewebs.com,hFAEPPr5Yo,53296 Melvin Park,,31610,7274022012,Nicaraguan,Restaurant
8,Gottlieb-Simonis,abehrendsen7@amazonaws.com,JdpI7q,6262 Gerald Crossing,,33395,5858166604,Honduran,Restaurant
9,Yost and Lebsack,cwinkell8@senate.gov,ONoF5rB,894 Sage Avenue,,55679,2129857100,Ecuadorian,Restaurant
10,Dicki-Schmidt,tstodd9@t-online.de,k1pAll,79951 Melvin Trail,,52741,6027774900,Yuman,Restaurant
11,Anderson and Spencer,mvanhallea@noaa.gov,bxNjmSar7NfA,53 Dryden Drive,,15804,9723390743,Sioux,Restaurant
12,Borer and Sons,tsangwinb@live.com,6PVh8iXcS,4471 Waxwing Center,,54073,8134951250,Menominee,Restaurant
13,McKenzie and Sons,klandrec@washington.edu,rtvgNU8,95916 Pine View Park,,34629,6513881523,Cambodian,Restaurant
14,Zemlak and McCullou,fmilleryd@parallels.com,j833GbSYkgB,13625 Straubel Point,,13296,7066905813,Polynesian,Restaurant
15,Hermann Inc,hdigiacomoe@vk.com,EGzwYQlM,517 Florence Trail,,57077,5748009368,Guamanian,Restaurant
16,Dibbert-Mayer,mwolteringf@shareasale.com,N2wTO8Fl5Tn,23285 Hintze Circle,,29477,9121527704,Colville,Restaurant
17,Goyette and Smitham,mscarreg@pbs.org,MKmOrFfd,958 Prentice Crossing,,4728,3127804796,Colville,Restaurant
18,Renner Group,ascothronh@businessweek.com,mWSi4LeXUN,83 Grayhawk Terrace,,31180,5131805286,Puerto Rican,Restaurant
19,White and Murray,smenchentoni@admin.ch,GZVUpgvSwoA,2 Jana Junction,,40199,2145339115,Puget Sound Salish,Restaurant
20,Hansen and Connelly,jbyngj@ftc.gov,l7tGO4aCxl,48 Gerald Hill,,27524,6083339689,Nicaraguan,Restaurant
21,Hickle and Sons,hgolbournk@apple.com,r84JutCN,6 Raven Circle,,97335,6464329588,Fijian,Restaurant
22,Heller LLC,ugrattenl@technorati.com,4mz5UAvxMZRQ,87 Bay Road,,75788,9189644796,Tongan,Restaurant
23,Reichel-Stracke,ssheirlawm@furl.net,E3Q97JIE8n,3 Sugar Avenue,,93855,2135185464,Nicaraguan,Restaurant
24,Kub Inc,fscatchern@google.com.hk,7WL98gjlC2Q,82 Dahle Point,,91463,6515442421,Eskimo,Restaurant
25,DuBuque and Sons,slaurentyo@woothemes.com,bNCp7an,7339 Autumn Leaf Hill,,33891,5163359407,Creek,Restaurant
26,Wilkinson Inc,fdallicottp@weather.com,YgYC1W6Gvck,0003 Jenifer Park,,27740,2084143195,Spaniard,Restaurant
27,Renner Group,cbasketfieldq@skype.com,oWdapj8Lu,58 Dayton Circle,,49127,7752489470,Guatemalan,Home based
28,Waelchi LLC,bkryszkieciczr@w3.org,ey9BJuWepUJ,94350 Ridgeview Place,,59694,8014205188,Yuman,Home based
29,Hagenes-Cremin,dhunstones@hc360.com,RZAWZ93hi4,13193 Monterey Plaza,,4054,6021796305,Indonesian,Home based
30,Mertz-Schumm,kklamptt@netlog.com,ms0CHpNqD,06 Superior Park,,56007,4145619792,Indonesian,Home based
31,McLaughlin Group,xabramofu@irs.gov,9HCSx0Vf,15 Roth Alley,,98284,3046879661,Yakama,Home based
32,Corkery and Sons,bmcellenv@spiegel.de,JfWOn0,00845 Holmberg Crossing,,16579,6025591640,Cuban,Home based
33,Tromp Inc,deglew@edublogs.org,yiMPcAprhO1,644 Cherokee Street,,13340,6267687083,Guamanian,Home based
34,Windler,jhoudhuryx@reverbnation.com,gqeTQcP,00 Chive Court,,5321,2094341735,Pueblo,Home based
35,Mohr-Kohler,hbiggadykey@dailymotion.com,G1hKUvNK,3096 Butternut Park,,337,3233708113,Venezuelan,Home based
36,Runolfsson,adelgadoz@sciencedaily.com,h9Agh7I,1 Thierer Court,,9689,7738680362,Peruvian,Home based
37,Smitham-Marvin,gmcskeagan10@bloglines.com,Xx0zXw4RKCh,19327 Meadow Ridge Lane,,37106,2392483664,Delaware,Home based
38,Robel-Bergstrom,abremond11@cbc.ca,FAQf0F2,83 Paget Crossing,,53891,3027819819,Paraguayan,Home based
39,Rutherford-Quigley,shogbin12@godaddy.com,OWYwxGw,7 Butterfield Drive,,25139,2021309755,Thai,Home based
40,Leannon-Beahan,cdoag13@typepad.com,BmtdQGWvvz,9 Graceland Trail,,56757,6515883576,Alaskan Athabascan,Home based
41,Lynch LLC,rlarrie14@wisc.edu,L34WXcQvZ,044 Ramsey Hill,,31335,8162964039,Puerto Rican,Home based
42,Keeling-Schaefer,igawthorpe15@ezinearticles.com,tcH4ch01D,9 Merchant Junction,,57110,5592085257,Pueblo,Home based
43,Johnson-Runolfs,amuzzullo16@forbes.com,nIqmido,8583 Florence Point,,37731,2052016225,Argentinian,Home based
44,Breitenberg,jlegh17@disqus.com,p3Ax2F,621 Nevada Place,,76224,5732383965,American Indian,Home based
45,Olson-Parker,rgoncaves18@noaa.gov,2zJR9qBIr,1 Helena Terrace,,9876,8089964083,Ottawa,Home based
46,Bailey-Brown,aspafford19@umich.edu,A8YzK1Z6m2Ma,64 Duke Parkway,,88689,3057333684,Micronesian,Home based
47,Smith LLC,bcallam1a@google.co.uk,Y4eBb6jF,2835 Amoth Pass,,13107,6191333765,Chilean,Home based
48,Hegmann an,rcoldman1b@admin.ch,JNNTGsW,9915 Bartillon Road,,70382,3367347293,Indonesian,Home based
49,Reichel and Sons,cvolant1c@mayoclinic.com,vlky51UXf,47482 Annamark Street,,4204,6195962088,Lumbee,Restaurant
50,Daugherty-Mann,acaustic1d@dell.com,POpyF1M5,73 Del Mar Point,,13541,4043437507,Samoan,Restaurant
51,Treutel Inc,smcgonagle1e@springer.com,zGUaTND7Tt,873 Bellgrove Street,,59315,8509049555,Comanche,Restaurant
52,"Dickinson, Mur",aterlinden1f@jugem.jp,jUvLSpZGT897,554 Jackson Center,,59706,8183909962,Ecuadorian,Restaurant
53,"Runolfsson, John",rhuntley1g@cdbaby.com,AsNfcFpx2,545 Mandrake Street,,32901,2109398605,Pima,Restaurant
54,"Strosin, Pollich",afennelow1h@tinyurl.com,eOYo2Wis,49 Killdeer Terrace,,12818,2123759622,Cree,Restaurant
55,Champlin-Mante,jgoldthorpe1i@nba.com,10ZoPiM1F,8 Armistice Court,,8722,5718281931,Peruvian,Restaurant
56,"Durgan, Borer",wvanichev1j@mashable.com,y0IOkbf,7312 Montana Circle,,57178,5857534958,Malaysian,Restaurant
57,Jakubowski and,mmildenhall1k@qq.com,uUVx0nN,199 Warrior Hill,,2930,8645491775,Houma,Restaurant
58,Auer and Glei,cbrettelle1l@msu.edu,ecJbdW,881 Myrtle Circle,,98665,3164760237,Yakama,Restaurant
59,Wyman-Sipes,mproffitt1m@msu.edu,bDykoFBP,4 Westend Plaza,,16506,2549241855,Creek,Restaurant
60,"Becker, Gran",glaurenson1n@blogspot.com,MLThYCb,85 Fuller Drive,,61761,9415452537,Japanese,Restaurant
61,Breitenberg Group,gdrissell1o@hhs.gov,M7TvTXU,564 Rowland Junction,,73664,2027650281,Puerto Rican,Restaurant
62,Wolf Group,candrich1p@blinklist.com,IoXdV8glVrh,09068 Del Mar Way,,39031,4197426857,Puget Sound Salish,Restaurant
63,Williamson and Sons,dfullegar1q@umich.edu,0KZ7XAaJv,895 Merry Parkway,,5748,9103978289,Yuman,Restaurant
64,Shields and Sons,skittman1r@ucoz.ru,sy4u2PjLQ0,18578 Lerdahl Parkway,,10848,9737503431,Delaware,Home based
65,Stanton and Kerluke,tchesworth1s@census.gov,wdhwG8,81 Anhalt Place,,40428,7128142853,Yaqui,Home based
66,Johns Group,jlanfare1t@ow.ly,1jyr7UgJZ,0 5th Street,,91338,9014888093,Chippewa,Home based
67,Raynor Inc,fschimek1u@last.fm,0c1EVkkXw,4395 Esker Lane,,14240,7869304953,Osage,Home based
68,Abbott-Grant,zzumfelde1v@360.cn,Xreqvi,3589 Lukken Circle,,94413,2488414099,Yakama,Home based
69,Konopelski-Bednar,nmulhall1w@ehow.com,d8URSiz,6846 Norway Maple Parkway,,5363,6506866767,Seminole,Home based
70,Armstrong Group,grushmere1x@dailymotion.com,1ke9vm0BUBwB,37 Pankratz Road,,86874,5159895685,Asian Indian,Home based
71,Lehner Inc,rculbert1y@nih.gov,TwYDX3kOsGj,05513 Dexter Way,,45806,3615858985,Pima,Home based
72,Fritsch Inc,hbatram1z@kickstarter.com,maywiPo,99817 John Wall Park,,86952,7572519021,Asian,Home based
73,Konopelski and Sons,bmunford20@fema.gov,In06EJ,8 Miller Circle,,5092,3362587239,Sioux,Home based
74,"McKenzie, Lang",qhubbocks21@github.io,jxcmlPpOkS,2 Eagle Crest Way,,20459,5038011394,Kiowa,Home based
75,Douglas Inc,bchamberlain22@people.com.cn,3PeZbIMrX,74008 Sachs Place,,39910,7031228216,Delaware,Home based
76,Borer Inc,gcanaan23@smugmug.com,ctkcycXjK,6683 Summerview Way,,95163,8168968924,Tongan,Home based
77,Kilback and Sons,rmatley24@hc360.com,INBhOnPcDb2,3470 Marquette Pass,,8755,2087601194,White,Home based
78,"Pfeffer, Nader",tfylan25@godaddy.com,eMKPoJS,962 Texas Circle,,93527,6822739605,Polynesian,Home based
79,Rogahn-Gislason,rfabler26@netvibes.com,nHHBrGohAZd,6 Emmet Alley,,18065,9098228875,Dominican,Home based
80,Gleason Inc,kbeadles27@usda.gov,QSM0PRA,15435 Delladonna Junction,,88318,6193424804,Hmong,Home based
81,Heathcote-Murazik,ehathaway28@amazon.co.jp,q8Zy4B,2 Mayer Alley,,29791,8283524047,Eskimo,Home based
82,Emmerich and Sons,nyurtsev29@amazon.co.uk,S5z9NG5TT,42 Lakeland Place,,59147,8128059324,Crow,Home based
83,Powlowski and Sons,gpittem2a@dedecms.com,xWONIpv7,72522 Vera Circle,,55275,9106576540,Filipino,Home based
84,"Haley, Feil and Stre",wramelot2b@merriam-webster.com,zsnRjiv,05 Mayer Alley,,34671,7067477823,Creek,Home based
85,Turcotte and Kee,imyrkus2c@microsoft.com,oz4GIsl3U,4043 Hauk Way,,40203,7579162462,Mexican,Home based
86,Mosciski-Hagenes,lmenpes2d@fema.gov,fbBQVn,33 Donald Alley,,83540,9157344389,Japanese,Restaurant
87,Mante-Nienow,tcrampsey2e@arizona.edu,JjcqJWQLZ2,278 Bartillon Hill,,65361,3039593950,Lumbee,Restaurant
88,"Wiza, Labadie ",iaxworthy2f@cdc.gov,xM0ivUhFv,9 Morning Alley,,53095,8509192189,Chinese,Restaurant
89,Jaskolski LLC,fcoleman2g@wix.com,5I9dvwWS,092 Fuller Point,,80638,6514669860,Malaysian,Restaurant
90,"Roberts, Pagac",ofrazer2h@samsung.com,9iipqlkypAo,90 Burrows Center,,32851,7702426711,Tongan,Restaurant
91,Bauch-Little,atessington2i@angelfire.com,zQTbqQ93c,53 Chinook Hill,,48532,3522564840,Guatemalan,Restaurant
92,Nikolaus-Dare,ymaudson2j@e-recht24.de,XhFOKNgvs,77 Bobwhite Junction,,94554,2349002661,Houma,Restaurant
93,Berge-Treutel,pgaskin2k@china.com.cn,4A7Stj3JU,5427 Eliot Lane,,78504,2035133834,Malaysian,Restaurant
94,Rosenbaum-Waelchi,fnorval2l@is.gd,8QHTly1BuE,2 Clyde Gallagher Road,,74131,7188076809,Delaware,Restaurant
95,"Hickle, Greenhol",aguilloux2m@blogger.com,Qu0O6x9qX6j6,9 Kenwood Road,,24993,8179370841,AIAN,Restaurant
96,Quitzon and Bau,twood2n@yellowbook.com,M7rJ7Ch5EF,859 Scofield Circle,,62263,6156556943,Korean,Restaurant
97,Reinger-Mitchell,agoldup2o@slideshare.net,PMOub1JSFgn,3 Harper Avenue,,16389,4192858259,Bolivian,Restaurant
98,Bode and Sons,wbocke2p@over-blog.com,fBLnbrL,037 Reindahl Circle,,91942,8042857346,Asian Indian,Restaurant
99,Feeney-Volkman,kfusedale2q@toplist.cz,lnEBblxgBfn,2 Debs Drive,,13471,7194498440,Salvadoran,Restaurant
100,Larson-Rodriguez,gyarr2r@homestead.com,Ui7xvIhyLHp,36660 Lillian Avenue,,48654,9109522045,Choctaw,Restaurant
101,Olson-Muller,fstubbert2s@loc.gov,Dob83hdQG,182 Surrey Center,,28976,2296559052,Peruvian,Restaurant
102,"Fahey, Bruen",gallmann2t@wix.com,4LsaT4T,28 Dakota Hill,,79326,8065516035,Yuman,Home based
103,Kreiger-Tromp,battawell2u@issuu.com,TJEwJ1oki16a,91536 Browning Hill,,14521,5187566147,Taiwanese,Home based
104,Haag-Orn,lvoysey2v@usatoday.com,W4vAUTB9m,54080 Buena Vista Way,,46007,7175330329,Menominee,Home based
105,Hintz Inc,gdumphrey2w@cmu.edu,AXePVz4,02 Commercial Center,,75996,6019263341,Guamanian,Home based
106,"Bode, West and Veum",ablesing2x@xrea.com,a0OXn5bEJ,15994 Lakewood Gardens Junction,,93153,5139759514,Pueblo,Home based
107,Bayer Inc,hjaimez2y@comcast.net,8YQldsIs,7782 Aberg Pass,,33069,2256055134,Alaskan Athabascan,Home based
108,Gleason Inc,haxtonne2z@reuters.com,K58Qw57y6Q,0925 Susan Plaza,,85701,9191114066,Vietnamese,Home based
109,Bradtke and Sons,ocovino30@privacy.gov.au,Hyss8OyP,704 Transport Alley,,69444,5176464086,Guamanian,Home based
110,Orn and Sons,gnutbeam31@pen.io,73yi0lNhC,9 Ilene Junction,,71698,8082249904,Eskimo,Home based
111,Volkman-Zemlak,jmaclaverty32@answers.com,cPdwDqR3f,921 Lotheville Place,,96741,3132211564,Thai,Home based
112,"Effertz, Feeney",sdiamant33@alexa.com,YJRSh3H,39923 Haas Crossing,,6955,9491570445,Tlingit-Haida,Home based
113,"Upton, Kirlin an",fdowngate34@pcworld.com,WiRbaWEq,0448 Bluestem Lane,,92429,6165701307,Costa Rican,Home based
114,"Russel, Reilly an",gstandbrook35@squarespace.com,1wCrj1,418 Hermina Point,,47401,5629882115,Costa Rican,Home based
115,Dibbert-Kerluke,hmerrgen36@google.com.au,awHvAAO88fmD,6 Jay Circle,,7917,5096070970,Seminole,Home based
116,Larson-Harber,jdoudny37@goo.ne.jp,45G4aNSsW6,21595 7th Parkway,,70558,7161998788,Peruvian,Home based
117,MacGyver-Zieme,fjira38@sohu.com,cQAko9kjojz,1 Arkansas Trail,,93840,4432674584,Polynesian,Home based
118,Stiedemann-Pacocha,kgreenset39@arstechnica.com,2q5CTMIUkhn,74 Vidon Lane,,38845,2015481761,Argentinian,Home based
119,Rolfson Inc,tivachyov3a@blogger.com,cCQHwdHRDEQ,439 Sutherland Park,,67320,5202729736,Paiute,Home based
120,"McKenzie, Glover",dkumaar3b@amazon.co.jp,JMY892n7z,29 Troy Alley,,97773,4126733785,Tongan,Home based
121,Beahan Group,rlivesley3c@hhs.gov,mVmYtK,15 Walton Avenue,,18432,9132036944,Mexican,Home based
122,Graham-Rippin,pwonfar3d@yolasite.com,fP2CE0LA,39449 Heath Trail,,39351,4173419424,Guamanian,Home based
123,"O'Reilly, Veum",hgislebert3e@vkontakte.ru,tQCDrUI0Q,004 Sherman Circle,,43431,4041781276,Polynesian,Home based
124,"Walter, and Kassulke",gmacian3f@nifty.com,P4KGUtv,301 Division Alley,,14859,3394483941,Hmong,Restaurant
125,"Botsford, Herman",tblodget3g@rakuten.co.jp,lFhopAVTIr,48 Carberry Court,,10840,8031185283,Spaniard,Restaurant
126,"O'Connell, Legros ",akuhnert3h@patch.com,dsvP9x,77 Merrick Terrace,,42087,9152976218,American Indian,Restaurant
127,Cormier LLC,lputtrell3i@washington.edu,h0FJo5t5wX,07 Bay Street,,52570,5629376466,Pueblo,Restaurant
128,Pollich-Muller,lstanlake3j@comcast.net,VnTui6R,7955 Grover Crossing,,32906,8594153504,Chamorro,Restaurant
129,"Kiehn, Torphy",ztrayes3k@webmd.com,LiPpZ8fIRg,4 Judy Road,,96122,7149699008,Houma,Restaurant
130,McCullough Group,fromei3l@umich.edu,uHkP0ERI,1 Walton Terrace,,74261,2025357968,Paraguayan,Restaurant
131,Wunsch-Pacocha,stallant3m@quantcast.com,LpFXO16RUB,957 Monterey Circle,,84803,3343292257,Japanese,Restaurant
132,"Johnston, Kassulke",ncordeau3n@mapquest.com,OD5UzgDZHLDf,5 West Point,,83811,5718448641,Samoan,Restaurant
133,Hyatt-Stoltenberg,ebrashaw3o@godaddy.com,dO7KKgdGUc,45 Sloan Plaza,,75133,3044054655,Taiwanese,Restaurant
134,Davis-Krajcik,ocoppens3p@printfriendly.com,xMYdDfku07Qc,46150 Corben Center,,61717,7542500649,Aleut,Restaurant
135,Mills and Sons,rsilburn3q@google.com.au,G0PF4ULaTV4,4 Bunker Hill Avenue,,35016,4807721550,Yuman,Restaurant
136,Lowe-Simonis,amauser3r@nps.gov,RKJQm2oGeviJ,95630 Birchwood Place,,91034,9187547519,Lumbee,Restaurant
137,"Schaefer, Terr",adefreitas3s@icio.us,lsBIPWgtmQ8,1450 Warbler Park,,45968,8139556224,Nicaraguan,Restaurant
138,Hayes Group,lmityashin3t@ca.gov,JIAYvrSjm,146 Upham Circle,,54462,5203113543,Navajo,Restaurant
139,"Brown, Bode",tchetwin3u@huffingtonpost.com,7LRvbUjS66,562 Gateway Plaza,,51282,2021352969,Pima,Restaurant
140,Shanahan Inc,bdecruce3v@google.com,5TiHrYYys5Wu,5418 Larry Place,,90221,3035108780,NHPI,Restaurant
141,Kling Group,dlynock3w@unesco.org,2TPC3wih,880 Elmside Circle,,67958,6157154155,Alaskan Athabascan,Restaurant
142,"Shields, Kulas ",relacoate3x@engadget.com,3Nat7b0,5 Thierer Way,,85749,6097482792,Chickasaw,Restaurant
143,Senger-Mraz,ldixie3y@cbslocal.com,X6kL7Za681,1 Melby Hill,,52867,3399970152,ican Indian,Restaurant
144,Gislason-Parker,nmapson3z@nih.gov,OXEKNRfqV,37 Amoth Park,,61466,2515837785,Spaniard,Restaurant
145,"Hansen, Corker",cstening40@foxnews.com,fRIRs7Gl1,328 East Lane,,20487,5714138178,Japanese,Home based
146,"Prohaska, Bahr",skillelay41@desdev.cn,iTYvuEjw3K,509 Swallow Street,,63754,5184908916,Houma,Home based
147,Stracke Inc,jjain42@disqus.com,XzpxwdIjC4S,6569 Manley Way,,8082,9893886927,Sri Lankan,Home based
148,Tremblay-Turner,hrobens43@ucoz.com,Sdy5ADfsnXd,4 Mendota Way,,63640,3048607465,Malaysian,Home based
149,"Monahan, Thi",iladen44@usgs.gov,VptQ7m3kI6,169 Havey Avenue,,4799,5184430310,Menominee,Home based
150,Hickle-Mertz,bcowins45@dmoz.org,aI1sKi5Iv1P,51257 Golden Leaf Pass,,12856,8608848999,Polynesian,Home based
151,Kulas Group,htoms46@hp.com,vTv3YN3Jk,94 Bayside Circle,,73359,5022688726,Paiute,Home based
152,"Hahn, Ter",stamplin47@canalblog.com,oPpsjW1Wjd,6 Homewood Alley,,15737,9209211360,Paiute,Home based
153,"Bins, Luett",bhedditeh48@netlog.com,Dz7j8vwWvv,81 Arizona Point,,72127,7177759963,Paraguayan,Home based
154,Schuppe and Sons,avinau49@usa.gov,gCKgDu4ny,1272 Russell Point,,89621,8649232434,Menominee,Home based
155,Howell-Barrows,cjessop4a@admin.ch,PSykDc,7800 Shoshone Place,,19579,8598763970,Colombian,Home based
156,Howe LLC,jbenedikt4b@blinklist.com,O5LEq4rrv16,1876 Mitchell Terrace,,55986,9413356205,Seminole,Home based
157,Balistreri-Kunze,dlewnden4c@auda.org.au,xyoodc2A,1629 Lyons Drive,,92214,6121902091,Potawatomi,Home based
158,Champlin Group,smartinets4d@dot.gov,tTNyzdSm,604 Gina Pass,,91090,2154804144,Tohono O'Odham,Home based
159,Runolfsson a,cveysey4e@theglobeandmail.com,ywfM0y6edQ,4 Hooker Circle,,67652,2145221282,Seminole,Home based
160,Kutch LLC,gfeifer4f@wikispaces.com,pILgAqb3V9w,3 Burning Wood Street,,10377,7203154733,Uruguayan,Home based
161,Douglas and Sons,mdenver4g@ustream.tv,RKeLX80Q,47353 Nelson Crossing,,43556,8059434470,Bangladeshi,Home based
162,Keeling-Greenfelder,tbothen4h@mozilla.org,VRHHKC,28 Holy Cross Crossing,,7576,3101732084,Indonesian,Home based
163,Gaylord-Trantow,nwellesley4i@furl.net,C4ItujiPUw4t,7 Cherokee Place,,49227,5099939851,Fijian,Home based
164,"Franecki, West",fterbeek4j@geocities.jp,Y7WPH135Hd,07600 Ohio Drive,,98386,8103243167,Tohono O'Odham,Home based
165,Greenholt-Will,ptrematick4k@trellian.com,4q8VGLI,65365 Division Place,,66379,4146459046,Taiwanese,Home based
166,Torphy Group,vhellmore4l@usnews.com,wi6orKfmdLq,0435 Debs Alley,,17588,7029197828,Vietnamese,Home based
167,Murphy-Schmitt,gcockshot4m@addtoany.com,XezF05wZ,47 Monica Junction,,76106,4078079006,Central American,Restaurant
168,Schowalter LLC,jveart4n@4shared.com,KX5VDTtQb,24255 Lake View Center,,22584,8166054973,Ecuadorian,Restaurant
169,"Beer, Hermann",kjertz4o@technorati.com,bYqa6XNy,84 Quincy Trail,,31242,3144274244,Yakama,Restaurant
170,Johns and Sons,scoldham4p@mail.ru,rvd6nWUC8y2,303 Memorial Drive,,20611,9168524034,Menominee,Restaurant
171,Zulauf Group,gmayhead4q@newyorker.com,FhWHZZHH26,1625 Cherokee Crossing,,37034,3366299924,Fijian,Restaurant
172,Luettgen-Smith,ashedd4r@java.com,gk3xHDaR,56 Talmadge Junction,,68854,2028041702,Ottawa,Restaurant
173,Kerluke LLC,thaacker4s@parallels.com,DoIYXC,9 Cody Plaza,,9727,9044545532,Ottawa,Restaurant
174,Price-Cremin,echartre4t@imageshack.us,TsikpIpGhbH1,38 Scott Point,,41547,3302055403,Uruguayan,Restaurant
175,Bartoletti and Sons,xmeachem4u@taobao.com,YuOGLcBxR,742 Mesta Alley,,2444,6824583689,Creek,Restaurant
176,Hettinger-Donnelly,imckitterick4v@nps.gov,h5br1xdQV,8433 Iowa Court,,65711,7574529852,American Indian,Restaurant
177,Legros Inc,jminchin4w@webs.com,q7WY6U1nG6LY,2 Shelley Terrace,,56356,3193513563,Navajo,Restaurant
178,Moen-Harris,jcaldairou4x@feedburner.com,Zrb6gZFm,09549 Hanover Terrace,,61873,9044086690,Panamanian,Restaurant
179,Trantow-Runte,garonowitz4y@un.org,sRPj5E,91 Hermina Road,,41643,2055562474,Laotian,Restaurant
180,"Hackett, Bartell",wwithrington4z@mlb.com,OyOMoR,5 Rigney Center,,82803,9032784289,Micronesian,Restaurant
181,Schuppe Group,cwasiel50@eventbrite.com,gLbp9ttA9V9W,0784 Norway Maple Drive,,72757,7271590708,American Indian,Restaurant
182,Raynor-Wiza,solivazzi51@npr.org,FjmwNT0II,030 Center Park,,47216,7574477906,Chickasaw,Restaurant
183,"Raynor, Koepp",dfinci52@cornell.edu,aDsrRv7nMzT,239 Judy Trail,,16852,4849312807,Ecuadorian,Restaurant
184,Johnston Group,rmaccoll53@theguardian.com,PB3bZW,3271 Pine View Drive,,84691,2039342198,Colombian,Restaurant
185,Pagac Group,kkupis54@wikimedia.org,kDISGOlQV5,0563 Grover Court,,77465,4235590493,Apache,Restaurant
186,Kunde-Shanahan,dkhomin55@hp.com,FEErOdCUUw,50520 Rigney Drive,,1994,2104764620,Yaqui,Restaurant
187,"Hirthe, Moo",panster56@wp.com,5Z01Ya0bY5G,93460 Dexter Park,,73638,2519920812,Crow,Restaurant
188,Johnston-Jacobi,bramel57@deliciousdays.com,UvAXQ3NpXt,17564 Melby Point,,72013,5014715407,Eskimo,Restaurant
189,"Haag, Casp",bdavidovitch58@huffingtonpost.com,HLXO6E,1 West Park,,79318,2603238920,Pakistani,Restaurant
190,Torphy Inc,plowndsbrough59@cnbc.com,FQ4rlhCtthmo,1 Grayhawk Lane,,36356,8592793941,Cuban,Restaurant
191,Kilback-Rohan,hbrosi5a@sitemeter.com,VB0ZhMGj1RHu,64849 Loeprich Street,,88587,2695935006,Yaqui,Restaurant
192,Kerluke LLC,dhallowes5b@tinyurl.com,Xrg2hEqU4yR,755 1st Road,,81191,4124468348,Pueblo,Restaurant
193,Hudson-Ruecker,mallott5c@fotki.com,14gOoONNqPe,65 Fuller Park,,33805,9155786707,Salvadoran,Restaurant
194,Paucek LLC,akellock5d@google.com.au,wwjDbhQpu2,42656 Park Meadow Lane,,75305,3136803838,Taiwanese,Restaurant
195,Shanahan Group,varmer5e@hibu.com,jFn1Dx6yCf45,43518 American Ash Trail,,36937,8024506847,Iroquois,Restaurant
196,Osinski-Herman,mbartaletti5f@samsung.com,OKUWfSbP,65225 Butterfield Trail,,97803,5088647573,Chilean,Restaurant
197,Crist-Cummings,hhillin5g@businesswire.com,lQreKJ,47280 Lake View Park,,73560,8065311239,Venezuelan,Restaurant
198,Schumm-Turcotte,cgeck5h@sbwire.com,3R1GEk,568 Comanche Pass,,33262,5401219134,Blackfeet,Restaurant
199,Beahan-D'Amore,bbettanay5i@alexa.com,xNygy6Xu,771 Moose Terrace,,75873,8128962842,Aleut,Restaurant
200,"Bednar, Homenick",mlemerle5j@sun.com,EINz35C5ibm,3605 Mockingbird Lane,,38179,7733304914,Laotian,Restaurant