customerId,customername,customeremail,customerpassword,customeraddress1,customeraddress2,zipcode,customerphone,rewardpoints
1,Lynnell,ilorens0@soup.io,nHWkkA6okDt,68 Monterey Junction,,14866,3155606616,0
2,Viki,fbarrar1@1und1.de,l3pCMKP,09 Mifflin Place,,89751,9037148285,0
3,Benny,ghevey2@mapquest.com,6MmNtFS2,39950 Cottonwood Circle,,72124,8501846217,0
4,Lilli,segger3@mtv.com,Xb6S0W,7314 Grim Alley,,96576,7704261672,0
5,Elana,hogles4@infoseek.co.jp,PR1Zb0,873 Service Trail,,20888,2134233053,0
6,Susan,jaccomb5@ox.ac.uk,zZKtqYe62,2066 Caliangt Junction,,26295,5618998319,0
7,Kerianne,gblankman6@nyu.edu,VZbN1sao,1 Anderson Alley,,31610,4055703785,0
8,Claudell,areadings7@columbia.edu,OYmJu5n6VmAJ,6307 Monterey Place,,33395,4159788979,0
9,Mag,cskudder8@fc2.com,l97CWody5Q,7028 Alpine Parkway,,55679,2145659569,0
10,Erika,tdebney9@comcast.net,sBUBbS,8573 Homewood Street,,52741,2051814654,0
11,Becca,mmoseleya@pen.io,FlxhDo,729 Pond Alley,,15804,6126390393,0
12,Cariotta,tchappelowb@pcworld.com,5ZaKVhGhcUKV,78734 Grayhawk Plaza,,54073,8473710474,0
13,Pepi,klammerichc@statcounter.com,4HkE4SDKFRW,3 Upham Way,,34629,8435709697,0
14,Farrel,figgod@clickbank.net,mliLjJ4cvp8,93238 Hintze Court,,13296,5029234579,0
15,Normand,hcallise@narod.ru,8YgxSMWY,7 Caliangt Circle,,57077,6189112281,0
16,Frederik,myeomanf@ask.com,sauXE1WS1,948 Columbus Circle,,29477,9123831702,0
17,Charlie,mgorstidgeg@vkontakte.ru,WcrHYrL,70 Gale Alley,,4728,7066167234,0
18,Raleigh,asadath@webmd.com,1rd2Yk,318 Bartelt Road,,31180,8065154801,0
19,Daron,scrucittii@gnu.org,kgruniP,6 Sullivan Junction,,40199,4078243354,0
20,Roosevelt,jjeayesj@wordpress.com,WyeV7HqAHY,4 Kedzie Point,,27524,8103478438,0
21,Tildie,hcamockk@dell.com,5scLFCAHj,857 Rigney Alley,,97335,6266956165,0
22,Fredi,umaesl@barnesandnoble.com,fVUn6nM,869 Nevada Pass,,75788,6101262373,0
23,Melinde,sgenckem@imageshack.us,QRJSnLHQJ5G,481 Kipling Place,,93855,3866714702,0
24,Mallory,fgrinhamn@is.gd,k64suNPUEqA,974 Tony Street,,91463,5017507484,0
25,Jenny,sparnbyo@scribd.com,zcK4fKri6Dk,9946 Messerschmidt Avenue,,33891,6512159353,0
26,Sherye,fwheatonp@a8.net,WinUCn5ZMNNo,17018 Johnson Pass,,27740,5094861140,0
27,Rodi,cburburyq@yellowpages.com,60XrXMonz,31 Gina Road,,49127,3139701514,0
28,Farra,bmartusewiczr@lulu.com,XyDnYER0Mt,09 Novick Way,,59694,2024356125,0
29,Peyter,dkarels@army.mil,bjgQIqLh,4 Reindahl Avenue,,4054,9411399472,0
30,Reinhard,kshambrooket@china.com.cn,LKro4IHew4,17068 Almo Road,,56007,4195610022,0
31,Josi,xeasenu@msn.com,9QBNmiqYO7,77 Packers Plaza,,98284,3031596963,0
32,Meredith,bcopoziov@census.gov,GFOfPfZ19tY,560 Elgar Place,,16579,3036164336,0
33,Ania,dbressonw@guardian.co.uk,mWpDCFkG,717 Randy Plaza,,13340,6024107353,0
34,Berrie,jtrumblex@nydailynews.com,iPnXeq,07 Alpine Way,,5321,3046736726,0
35,Catrina,hsmeathy@census.gov,AjcFDnvYw,557 Ryan Alley,,337,2023927682,0
36,Roxie,achritchleyz@nymag.com,tbjSGR,94 Carpenter Crossing,,9689,6192887380,0
37,Lewes,gruste10@cdc.gov,VaBUkf5NN2N,19 Mosinee Alley,,37106,9038804933,0
38,Kirby,afilchagin11@ftc.gov,AJOOTC0a1l1e,5 Reinke Terrace,,53891,7278551184,0
39,Sarajane,sseamer12@wisc.edu,lf8sAeb,9 Menomonie Terrace,,25139,9041840984,0
40,Sherie,csavins13@google.com,lZHP3bXo2y1,7406 Waxwing Park,,56757,5136503931,0
41,Miller,rlenham14@yahoo.co.jp,43uwPL,0613 Del Mar Crossing,,31335,2026862145,0
42,Luciana,iyeats15@bloglovin.com,praFoSlv3,86834 Maple Crossing,,57110,5153503814,0
43,Davy,aeykelhof16@mapquest.com,4msa2WV,38 Canary Road,,37731,8047899480,0
44,Flora,jbecken17@merriam-webster.com,Y60bM7U1sjI,4 Springview Drive,,76224,3107011139,0
45,Saunder,rgeany18@devhub.com,1lHW4L,546 Westridge Lane,,9876,8176420953,0
46,Raynell,ashemmans19@columbia.edu,z01GSQ2f9J,88 Kings Way,,88689,6054041087,0
47,Sonny,bboggis1a@w3.org,9S2MTU0X,42 Manley Hill,,13107,5054579196,0
48,Emeline,rpothbury1b@weebly.com,mhlztT,3343 Thierer Center,,70382,9494254846,0
49,Elle,clamkin1c@bizjournals.com,Qqlivq,3 Wayridge Lane,,4204,3022440049,0
50,Barry,amullard1d@lycos.com,YVDCqXA,802 Del Mar Avenue,,13541,7138317527,0
51,Jone,scamerana1e@macromedia.com,MTRR5LSU,3559 Dennis Junction,,59315,7181437795,0
52,Glen,amattack1f@columbia.edu,J2LDv7,318 Northridge Street,,59706,6507739076,0
53,Iona,rharbor1g@disqus.com,CFB0fjN4O,411 Buena Vista Alley,,32901,5123317427,0
54,Lyle,agrimm1h@weibo.com,OPWNCsdb,81634 Ridgeway Park,,12818,2123410213,0
55,Birgit,jingley1i@artisteer.com,yVVuSOqq,8969 Schurz Trail,,8722,8015759104,0
56,Yuri,wfarnaby1j@biglobe.ne.jp,jGB8wECYUE9g,74 Sunfield Center,,57178,3092265939,0
57,Ivonne,mgreir1k@sciencedaily.com,gP71CL,576 Fairview Place,,2930,8596860238,0
58,Allyn,cglasper1l@vkontakte.ru,jnR24yCIr,8 Derek Plaza,,98665,2146358585,0
59,Kerianne,mbirtles1m@senate.gov,9h0hKZvaOBv,932 Fallview Court,,16506,9164423913,0
60,Killie,gwilding1n@hc360.com,iA0KS7T4Ee,72972 Eagan Point,,61761,5024522563,0
61,Joyce,gguarin1o@amazon.de,U1CleDClSX,21572 Oriole Parkway,,73664,3344458408,0
62,Aviva,cmelmar1p@arizona.edu,0hw17V,2325 Kensington Alley,,39031,4025612929,0
63,Ruthy,dsulman1q@pbs.org,FD3RpbhXQ4Eh,392 2nd Lane,,5748,4045687662,0
64,Amanda,shasard1r@ucoz.ru,rmm430D,57 Londonderry Street,,10848,7755393473,0
65,Humfried,tclelland1s@istockphoto.com,Nih781dKZz,1868 Banding Pass,,40428,7169026784,0
66,Ewell,jmacandrew1t@gmpg.org,cLvB3xE4EbxJ,5 Blaine Street,,91338,2175122190,0
67,Clem,fmacdermot1u@issuu.com,dvEP06f,957 Killdeer Court,,14240,9165531817,0
68,Cary,zrolinson1v@msn.com,H7b9dO9gszi5,80 Prairie Rose Terrace,,94413,3098671362,0
69,Denise,nbreadmore1w@a8.net,XSlLf2XSBS2G,808 Clarendon Drive,,5363,7131483958,0
70,Norrie,gohern1x@smh.com.au,y1sipqHmSI,52840 Monica Lane,,86874,9188819389,0
71,Tabitha,rlympenie1y@marketwatch.com,z8vFCQD,3589 Derek Junction,,45806,7169830299,0
72,Ed,hphillpot1z@forbes.com,86GRvyrhMPw,253 Sullivan Street,,86952,5128464204,0
73,Meredith,bbelchamp20@photobucket.com,5vsV6tK,2438 Express Center,,5092,7167542539,0
74,Aundrea,qbanting21@wiley.com,Bz7uz53H,433 Burning Wood Junction,,20459,8148726458,0
75,Bunny,bpattington22@weather.com,8mr1VMoU,18986 Graceland Hill,,39910,2064491309,0
76,Benedetto,gpalfrey23@bluehost.com,wyCpp1jbkJ2,6766 Stang Place,,95163,3155846647,0
77,Vanny,rgrayson24@guardian.co.uk,7Q3HqKmTd3Y,9 Holmberg Alley,,8755,7064394123,0
78,Erroll,tcoulsen25@google.co.uk,CpjQViP3l4,432 Merchant Terrace,,93527,9173953520,0
79,Adela,rugolini26@usatoday.com,pMCIzRP0vtui,5 Texas Court,,18065,5734653411,0
80,Tildi,kcone27@theglobeandmail.com,m9plFVodK,24538 Harbort Avenue,,88318,2138049416,0
81,Hewe,eyter28@paypal.com,oTZ4jT7E3lL,5968 Village Green Point,,29791,4174440127,0
82,Jessie,nmcclymond29@washington.edu,90RDaIb,5 Muir Place,,59147,3055690753,0
83,Rem,ghouse2a@linkedin.com,tYQrEv8zO3qo,17 Haas Crossing,,55275,5093880072,0
84,Merridie,wfarren2b@privacy.gov.au,aUsoW5Eq,71893 Weeping Birch Terrace,,34671,5032833285,0
85,Mitch,ioats2c@amazon.co.uk,t64nCY5sP,0 Division Court,,40203,4088915780,0
86,Niki,lbirds2d@storify.com,bJdoge,156 Acker Center,,83540,3097099942,0
87,Cordelie,tpitford2e@lycos.com,lTF5fd3bybcQ,7 Fisk Junction,,65361,9416553717,0
88,Ediva,ilatehouse2f@blogtalkradio.com,ntfBBNstZn,862 Northland Road,,53095,2024082271,0
89,Englebert,fcobbled2g@opensource.org,7eAuzsTUS,07227 Declaration Junction,,80638,5029732448,0
90,Nanice,olepard2h@xinhuanet.com,VTmlFymZZQ,3 Hintze Circle,,32851,7709114947,0
91,Patrice,atire2i@canalblog.com,bSPuD3B,18 Nelson Point,,48532,8031530454,0
92,Leonie,ylattimer2j@baidu.com,8wk1J9Ayx,09 Manitowish Crossing,,94554,4329622048,0
93,Kerk,pgibbard2k@amazon.de,Mkm0IEI4,69 Helena Point,,78504,4029392616,0
94,Aldous,fdelafont2l@dropbox.com,UEKby8I,8 Jenifer Parkway,,74131,8136962009,0
95,Ursa,aluchelli2m@blinklist.com,9Qdgm8,88 Farwell Terrace,,24993,5134215955,0
96,Fifine,tskacel2n@bloomberg.com,qsQMIvR,0831 Linden Parkway,,62263,5127231841,0
97,Waylan,aproffitt2o@free.fr,gFYZGirYJZ,46460 Division Court,,16389,3127494473,0
98,Ashely,wmarney2p@loc.gov,Yi9uds,384 Sheridan Pass,,91942,2031596739,0
99,Reiko,kchatters2q@utexas.edu,jfBHRDFZqu,851 Duke Lane,,13471,4059092454,0
100,Sibyl,gmcandie2r@gmpg.org,pM6BN1,6786 Sachtjen Circle,,48654,3023427203,0
101,Terri-jo,fpossek2s@intel.com,YNu4XY0lHf3U,8 Warrior Center,,28976,9194408763,0
102,Griffy,ggodar2t@usa.gov,IDtlI9tkKpOL,5 Brown Point,,79326,8016865206,0
103,Roshelle,bkos2u@symantec.com,rDI9UzAs2B,73 Emmet Pass,,14521,5703763678,0
104,Web,lguidoni2v@123-reg.co.uk,3dNEk4Abpp,780 Hoepker Way,,46007,4121179010,0
105,Fergus,gyirrell2w@list-manage.com,ysswfAxbCg,2547 5th Terrace,,75996,7272533872,0
106,Ring,arosina2x@liveinternet.ru,vW5NpUTOFvl,74 Meadow Valley Way,,93153,3176432950,0
107,Ewell,hbraga2y@privacy.gov.au,xOvldHTsLhb5,17 Tomscot Hill,,33069,4049429412,0
108,Cassi,hfery2z@tripod.com,HgAnUDTL,4256 Alpine Center,,85701,5104582538,0
109,Constantia,omcgorman30@webmd.com,eLpr26Y,818 Glendale Parkway,,69444,4051579805,0
110,Gavrielle,gwhaley31@microsoft.com,aMr4D7g2sqo,9839 Johnson Road,,71698,9013661857,0
111,Mireielle,jstittle32@apple.com,JlOmJcNdk,5565 Division Way,,96741,9723279036,0
112,Sukey,smuckloe33@msu.edu,SzpUWsH3c6,9250 Northridge Way,,6955,4051321392,0
113,Lewie,fgirling34@biblegateway.com,O92ytBr2,8 Hollow Ridge Lane,,92429,8048111765,0
114,Denni,gcaccavale35@digg.com,0f8R02,9414 Schlimgen Street,,47401,7014769189,0
115,Stephanie,hlafont36@java.com,MUuu9Zd14KPR,22 Superior Crossing,,7917,2055030605,0
116,Milly,jcrampsey37@quantcast.com,7DVUcIuIR74u,6 Delaware Point,,70558,9169678297,0
117,Ezekiel,fjuschka38@ihg.com,pd1gRaV,2 Heath Center,,93840,5019230655,0
118,Cornie,klant39@devhub.com,trjAHqbq,5698 Crownhardt Junction,,38845,9163218739,0
119,Sapphira,tbothams3a@statcounter.com,ULzebhcj,5742 Pawling Plaza,,67320,5104545869,0
120,Joela,djoubert3b@cisco.com,7jo6SZgDxnEo,61 Ilene Terrace,,97773,5026338337,0
121,Tommi,rburkart3c@marketwatch.com,KIMrhv5AxU7,5 Corben Court,,18432,2541761852,0
122,Goldina,pbeavors3d@hatena.ne.jp,UEiy7PnbiH,202 8th Trail,,39351,9154369574,0
123,Eve,hhairon3e@uol.com.br,OxE9JwSgBjdb,118 Barby Court,,43431,5035853440,0
124,Jacobo,gricks3f@ameblo.jp,pPOrKP8,47892 Service Crossing,,14859,3127526515,0
125,Florenza,tsherborne3g@homestead.com,WdilP0T,839 Bultman Way,,10840,2123824981,0
126,Godiva,amckevin3h@ycombinator.com,Z0oAtZvVbo,84 Bonner Hill,,42087,2101076232,0
127,Amargo,lrapi3i@paginegialle.it,zzeLpF,4 Canary Parkway,,52570,5134542791,0
128,Tami,lpierrepoint3j@jimdo.com,hhuJ4yAcl,9061 Quincy Way,,32906,5105507371,0
129,Bank,zbratchell3k@theatlantic.com,mOq81St,3734 Pankratz Avenue,,96122,3107921324,0
130,Dmitri,fconrad3l@sogou.com,sw9o3tVMU,03 Muir Alley,,74261,6614532889,0
131,Norri,spires3m@cbsnews.com,xzfQuo,9 Tennessee Park,,84803,4239610370,0
132,Norbie,nrotherham3n@blinklist.com,VSRczDkpf,40 Dunning Drive,,83811,4121611403,0
133,Farris,eperfect3o@scientificamerican.com,d1hp0tQZ6gJ,809 Lakewood Alley,,75133,8507480923,0
134,Fee,otaleworth3p@barnesandnoble.com,21cGJT,8550 Anzinger Drive,,61717,9016385663,0
135,Nolly,rstepney3q@mlb.com,movmiQrlvm,650 Eagan Circle,,35016,2066223957,0
136,Natty,ascrymgeour3r@aboutads.info,l4ZZndFmAO,53706 Loftsgordon Road,,91034,2024524254,0
137,Jammal,akimmel3s@alexa.com,Jel1LGecRkMY,44441 Jackson Hill,,45968,8177059781,0
138,Dorena,lmayor3t@samsung.com,0u350VGDD7Z,10848 Spohn Court,,54462,2133798848,0
139,Karee,tboldry3u@typepad.com,aTl8XkMmFl,9814 Hallows Trail,,51282,5859375975,0
140,Odille,btansill3v@ucla.edu,JzDKj3pzA,3 5th Avenue,,90221,3041341283,0
141,Danella,dmeadows3w@nature.com,hWElICubbRYl,9052 Paget Pass,,67958,7131205228,0
142,Elicia,rtodd3x@netvibes.com,BWPJapsToyS,5 Nancy Way,,85749,6096790224,0
143,Rodger,lferrant3y@barnesandnoble.com,NOVR1U,853 Miller Point,,52867,5138794265,0
144,Katheryn,nliccardo3z@un.org,OLcURPS,3 Ilene Circle,,61466,5189488697,0
145,Bryn,cfarish40@posterous.com,e2YClZ4iDP,64 Stoughton Court,,20487,7748247206,0
146,Taddeusz,sneil41@java.com,zOIbMZGkn3Vr,62 Gale Road,,63754,6013939022,0
147,Daron,jsmoth42@comcast.net,csbzA36,55744 North Alley,,8082,7165091033,0
148,Pyotr,hridley43@bloglovin.com,bpH48Ps3jrj,0997 North Place,,63640,4012268225,0
149,Way,ireimer44@hostgator.com,EagkA1XO,857 Luster Road,,4799,5855269740,0
150,Cally,bgeill45@people.com.cn,Lo8Z3rFM,70175 Briar Crest Way,,12856,7045707851,0
151,Audrie,hbyllam46@china.com.cn,AK71NY9Fovo,674 Dapin Trail,,73359,8165630842,0
152,Jany,ssimakov47@bloomberg.com,1amtMOA,4 Hovde Way,,15737,2123657827,0
153,Bo,bogborn48@parallels.com,eBibk10ng,19 Superior Park,,72127,2028968284,0
154,Cyrille,arodway49@istockphoto.com,UXch4K,62677 Evergreen Park,,89621,5732686628,0
155,Fredi,csmeal4a@wisc.edu,wxlT4K22,9767 Ridge Oak Trail,,19579,4196505194,0
156,Meade,jdutnall4b@infoseek.co.jp,4OsDmXbwItI,90 Center Court,,55986,9367634473,0
157,Jethro,dscamaden4c@g.co,aC5lKSHi7LP,716 Marquette Center,,92214,3108519634,0
158,Arv,sburcher4d@goo.gl,4t4HkxOwHrJh,9 Dunning Hill,,91090,7024680160,0
159,Dorris,cbeckham4e@reuters.com,BHw2gwKShQic,89 Fulton Alley,,67652,7854287334,0
160,Gwenette,gtippett4f@opensource.org,fSx6JC0E,4 Shopko Trail,,10377,3214211533,0
161,Chrystal,moshaughnessy4g@wordpress.com,FZrRMvqr,37 Esch Way,,43556,3032884283,0
162,Nefen,tharteley4h@chicagotribune.com,hJnPN9,06502 Pankratz Drive,,7576,2099381943,0
163,Vinson,nsteagall4i@cbsnews.com,d2WwwKfOlE,33939 Mifflin Road,,49227,5593292012,0
164,Kesley,fwhickman4j@wordpress.com,EipYslM9wxq,85463 West Alley,,98386,2174675783,0
165,Dael,pcarley4k@gov.uk,ecrkzpeYNk,20 Algoma Park,,66379,3305779188,0
166,Rodolfo,vrany4l@ca.gov,UETQ3Bo,31630 Debs Street,,17588,8508438012,0
167,Aristotle,glucia4m@skyrock.com,Te1N5Xa5Rm4,079 Holy Cross Place,,76106,9038159122,0
168,Jewell,jconti4n@weather.com,MITFybPPnTLH,1564 Victoria Crossing,,22584,5055684034,0
169,Dosi,korpen4o@indiegogo.com,wSMGk3qGfJJ,71 Erie Alley,,31242,6304791956,0
170,Tommy,sdaguanno4p@youku.com,TnDEy1ow,99 Bluestem Parkway,,20611,9047341857,0
171,Isiahi,ggedney4q@infoseek.co.jp,F4FoBpih,9 Northview Center,,37034,6154650898,0
172,Christel,atowl4r@desdev.cn,MoI7vXT3eo,80 Holy Cross Park,,68854,2518334718,0
173,Quintina,tranken4s@cafepress.com,7n3XSvTPU,410 Carberry Hill,,9727,9045143360,0
174,Tremain,elittlekit4t@joomla.org,ApYELaJo,7 Bluejay Circle,,41547,6264266352,0
175,Deb,xgrigoletti4u@umn.edu,Ram7bkk,903 Granby Circle,,2444,9374831230,0
176,Steven,imiroy4v@geocities.com,euLv1A2LC,2 Independence Trail,,65711,3046248668,0
177,Nonna,jkington4w@craigslist.org,NLRjfjheh0z,782 Village Street,,56356,2544982152,0
178,Licha,jcawkill4x@google.es,GlPBf3TjSyFG,9708 Dixon Terrace,,61873,6781798386,0
179,Reider,gdanielsson4y@usda.gov,aDqoADVUMmT,3882 Towne Avenue,,41643,3234226660,0
180,Nicolas,wjeffreys4z@psu.edu,Fo21YeTL,847 Sage Alley,,82803,8067218832,0
181,Dion,cgoodfield50@businesswire.com,SrmE0iRmxZ,65 Northland Plaza,,72757,8087451626,0
182,Itch,sgoodlud51@istockphoto.com,InRsNhtPY,7 Brown Park,,47216,3109152029,0
183,Elias,dwatkins52@jimdo.com,vOnHdSAG9,8 Fordem Place,,16852,4056322167,0
184,Kipper,rneesam53@jimdo.com,lKYt3i5,922 Loftsgordon Terrace,,84691,5134894764,0
185,Monah,kshilstone54@sfgate.com,rnpeGDC,7486 Pankratz Road,,77465,6516531016,0
186,Alverta,dfilyukov55@1688.com,nn2cVsVnJkB,3 Golden Leaf Avenue,,1994,7029637985,0
187,Hale,pwilkie56@fc2.com,V5wAdDT0F7,68 Trailsway Plaza,,73638,9198223325,0
188,Sela,bdayer57@phoca.cz,L5sjFZS,8 Mockingbird Trail,,72013,8161309599,0
189,Ceciley,bmuslim58@google.de,O6zV7L60K,837 Waubesa Hill,,79318,2023514104,0
190,Douglas,pplumptre59@ovh.net,REDPBE,4561 Farmco Terrace,,36356,7205669011,0
191,Alwyn,hvasilchenko5a@vk.com,pAjziC2,48237 Westridge Drive,,88587,2518926000,0
192,Zoe,dfernandes5b@marriott.com,5HQ4LpGO,9447 Toban Street,,81191,7183408033,0
193,Nat,mkitto5c@princeton.edu,z4IkVAyE,802 High Crossing Plaza,,33805,7049367366,0
194,Luciano,acunniam5d@oaic.gov.au,bSO5XLBps,06 Sage Trail,,75305,4029508391,0
195,Malva,vsivyer5e@theatlantic.com,wwuDig,25465 Harbort Center,,36937,7853926912,0
196,Lindi,mdwyr5f@privacy.gov.au,TibzhwsZc,04 Towne Court,,97803,7133975987,0
197,Rafaela,hvasilyonok5g@lulu.com,TJxkn6Qsr,426 Jay Avenue,,73560,2105332368,0
198,Mordy,cwesthoff5h@wunderground.com,nAHjJb,3002 5th Lane,,33262,2022104284,0
199,Pace,bziemens5i@furl.net,9M1uTtX,7 Gulseth Center,,75873,3043331409,0
200,Jeralee,mmarling5j@apple.com,9kL8aHdH,12405 Mallory Crossing,,38179,3048255868,0