driverid,drivername,driveremail,driverphone,drivervehicle,vendorId
1,Ignazio,iyardley0@w3.org,9374865003,IZT-1097,1
2,Faber,fmullard1@nationalgeographic.com,3167986847,LVW-9540,2
3,Gabriello,gboshard2@umn.edu,7574681311,TNE-5843,3
4,Stevy,schopping3@soup.io,3172245427,VBC-4360,4
5,Huberto,hbauser4@epa.gov,3364843167,WZE-7870,5
6,Johny,joxenden5@illinois.edu,4084537803,HJA-1787,6
7,Gherardo,gclampin6@i2i.jp,2025627961,SDJ-0826,7
8,Arin,asymes7@hatena.ne.jp,2037249070,HUA-0476,8
9,Cobb,cboram8@china.com.cn,7577002590,OWG-5904,9
10,Tait,ttrevains9@techcrunch.com,7197267646,MEI-6486,10
11,Melvin,mdoucea@devhub.com,9897279629,ZDY-4588,11
12,Trey,taspyb@noaa.gov,7271299704,BPJ-6073,12
13,Kalil,kfalkc@shutterfly.com,7049480208,BHA-7093,13
14,Farlee,fpennd@tinyurl.com,3183703051,XRP-9274,14
15,Hansiain,hthorndalee@creativecommons.org,4157977827,BUE-6417,15
16,Marv,mtolfreyf@yolasite.com,2146771985,DFD-4415,16
17,Mohammed,mfountaineg@histats.com,5154149295,NFO-5005,17
18,Abdel,aaltofth@timesonline.co.uk,4048842314,SSG-5568,18
19,Stanislaus,schillcoti@scribd.com,2098729876,AOM-0973,19
20,Jamal,jibbersonj@alexa.com,3303956371,QCC-1657,20
21,Hugh,hsherlockk@cyberchimps.com,9408429618,MMU-3795,21
22,Urbano,usiemonl@cloudflare.com,9167106849,JNL-7043,22
23,Sergent,scozbym@comcast.net,8123011613,FXZ-4871,23
24,Frants,fbittertonn@wikispaces.com,9793893533,YVB-0325,24
25,Silvan,smadocjoneso@youtu.be,4197714710,CQP-4099,25
26,Farrell,fdumbellp@so-net.ne.jp,9374162255,ZNB-9743,26
27,Conrado,cbaswallq@twitpic.com,9161258525,HFT-1885,27
28,Baxter,brosenkrancr@google.com.br,5055223912,UUF-1485,28
29,Dionisio,dheapss@bbc.co.uk,8016662342,IPA-8840,29
30,Kiley,kwallaget@paginegialle.it,5052310083,PJL-8946,30
31,Xever,xleatu@livejournal.com,2028381226,MTW-3665,31
32,Burch,bdecourcyv@nih.gov,5052039735,PTQ-6803,32
33,Dew,drogersw@answers.com,3103408337,LLG-1874,33
34,Jude,jpetrussix@ezinearticles.com,8036140209,OJQ-7496,34
35,Haywood,hgeorginsy@epa.gov,4342565570,WBJ-0502,35
36,Abelard,aneamesz@list-manage.com,8047443213,BHR-4392,36
37,Gill,gproughten10@indiegogo.com,8068600328,CZV-5070,37
38,Andy,aberndtsson11@moonfruit.com,3051639558,GAV-9006,38
39,Swen,sparriss12@sohu.com,3187202207,HMT-6235,39
40,Costa,cliddiard13@scientificamerican.com,7208872489,CNA-6379,40
41,Riobard,rwindley14@nature.com,9159136693,CXH-6471,41
42,Ivor,icyson15@hud.gov,5182836307,LRW-3401,42
43,Arlan,avanes16@stumbleupon.com,2084391868,UZF-6963,43
44,Jesus,jbinley17@shutterfly.com,5032885333,PGE-1452,44
45,Roldan,rmeadway18@tinypic.com,9194055488,PPA-9028,45
46,Abby,acisar19@wordpress.org,7859067412,HGM-7461,46
47,Barde,bmordon1a@liveinternet.ru,7188345564,WOX-3543,47
48,Rex,rhub1b@bloglines.com,9722185110,NYP-0255,48
49,Chrisy,ccharlton1c@behance.net,5012085743,GKB-6127,49
50,Adolpho,atrayhorn1d@cocolog-nifty.com,3182043046,NFS-4973,50
51,Sterling,swallington1e@google.fr,7146497314,YXP-0049,51
52,Augustin,anorthcote1f@google.de,3141579012,QCR-9462,52
53,Ryan,rhellmore1g@nps.gov,3192621957,ORL-7671,53
54,Archibald,alowman1h@privacy.gov.au,8178605278,QKX-9668,54
55,Jecho,joxbie1i@odnoklassniki.ru,7203478814,MPM-5357,55
56,Wheeler,wlippett1j@businesswire.com,7196434514,DQF-7243,56
57,Mendie,mbedinham1k@kickstarter.com,6128461602,VLQ-4609,57
58,Curran,cprahl1l@slashdot.org,3054936070,GFY-5095,58
59,Marcel,mtither1m@163.com,5858317123,XMM-1253,59
60,Gibb,gpoe1n@loc.gov,6022848700,YUI-5385,60
61,Griffin,gcumberpatch1o@chicagotribune.com,5099405340,HBY-2145,61
62,Charley,cchalker1p@pcworld.com,3143189096,NCZ-1737,62
63,Darcy,dshewery1q@deviantart.com,9151470933,WPF-5290,63
64,Sol,ssimonnet1r@vimeo.com,7734662723,HVB-0621,64
65,Tammie,tdrejer1s@google.ru,9157276076,DOT-5393,65
66,Jarib,jwhetson1t@exblog.jp,7758796082,HBN-7398,66
67,Ford,fpee1u@geocities.com,2172760208,AUS-3614,67
68,Zachery,zkienl1v@wired.com,8051633974,DWM-1684,68
69,Norrie,ndanielovitch1w@latimes.com,9129966375,HYU-2127,69
70,Giraud,gbowerman1x@mysql.com,5591304752,NJP-1635,70
71,Rolfe,rtruter1y@privacy.gov.au,7194062535,ZNQ-4728,71
72,Haskel,hborrott1z@economist.com,6192049594,LHF-5354,72
73,Baily,bglidder20@123-reg.co.uk,8188456286,PLZ-5734,73
74,Quinn,qferie21@jigsy.com,9049034420,TYR-5479,74
75,Bogey,bbrise22@berkeley.edu,4137405438,KEA-9204,75
76,Guntar,gdruce23@nature.com,2695773908,TSP-9223,76
77,Randie,rmedler24@over-blog.com,6515216,IYX-3978,77
78,Tedman,tnitti25@sina.com.cn,2029245523,TPS-9817,78
79,Reuven,rtargett26@pinterest.com,9723423282,WZU-1971,79
80,Kerwinn,kavey27@github.com,5021315645,KNM-8640,80
81,Eugenio,epinnington28@unc.edu,6789862720,PPF-3152,81
82,Niven,ncalow29@fema.gov,7028001617,RZF-0929,82
83,Guthry,gguillotin2a@joomla.org,3038342757,WNI-1137,83
84,Waite,wmartinolli2b@oakley.com,3093285404,OFQ-6704,84
85,Isac,imapledorum2c@i2i.jp,7199350657,PVM-2855,85
86,Lennie,ldaubeny2d@reuters.com,9419459870,EKR-0975,86
87,Thorvald,tmeddick2e@about.com,9164618684,QAB-8126,87
88,Ignacio,iriply2f@mac.com,4154666549,KIP-8478,88
89,Fletch,fhagwood2g@nhs.uk,9097523976,WZL-7969,89
90,Oliviero,ofranciotti2h@weebly.com,5718974282,GRR-9969,90
91,Anatole,afahy2i@tripadvisor.com,8319707985,CXG-8721,91
92,Yance,yluter2j@discuz.net,7273435607,DMK-4142,92
93,Parrnell,pguerrero2k@foxnews.com,4138686391,PPF-9821,93
94,Felicio,fboissier2l@wufoo.com,3011950864,CQE-9077,94
95,Alix,arenyard2m@dagondesign.com,5181233710,HBT-3299,95
96,Theodor,tcrocetto2n@netscape.com,5058268708,NGV-5139,96
97,Archibold,aswanson2o@cornell.edu,3193586431,GKF-4713,97
98,Westleigh,wmainson2p@jalbum.net,8054470539,KUJ-3792,98
99,Konstantine,kderrington2q@foxnews.com,7758263155,KPR-3711,99
100,Greggory,ggebby2r@europa.eu,7208544289,GPD-4672,100
101,Felice,fdubbin2s@ted.com,4102298310,ANM-3132,101
102,Gibby,gputtergill2t@weebly.com,2095114924,GMC-8739,102
103,Bink,bmccluskey2u@free.fr,8501184089,HSG-7395,103
104,Lannie,lwilstead2v@geocities.jp,2257746538,BJX-6849,104
105,Guillermo,gfishly2w@ucsd.edu,6097729594,CHH-4889,105
106,Antoine,arude2x@mapquest.com,4058368842,CEQ-8458,106
107,Hayyim,hreidie2y@cnbc.com,2608256910,MNN-7454,107
108,Hilarius,hswainger2z@apache.org,3525315727,MKT-8473,108
109,Orson,omaw30@51.la,7065273779,MAZ-4322,109
110,Goraud,gdefont31@home.pl,9042650126,VMD-3129,110
111,Jone,jkondratenya32@skyrock.com,3306643600,NTU-5374,111
112,See,sarger33@domainmarket.com,6166037445,FPF-9122,112
113,Fabien,fdomengue34@addthis.com,8186093706,TXV-8425,113
114,Graham,gnuzzti35@oaic.gov.au,3163227313,NBW-0328,114
115,Hymie,hmotherwell36@economist.com,9103954008,ZAX-4420,115
116,Jorge,jtruse37@skyrock.com,2812865410,IZV-9719,116
117,Farrell,fadcock38@admin.ch,3306378546,QJW-1220,117
118,Kelvin,kkohneke39@edublogs.org,3017055565,QSX-6097,118
119,Trumann,tmcelhinney3a@studiopress.com,5749146411,ZNZ-7297,119
120,Dolf,dcayet3b@aol.com,5018577932,POK-8752,120
121,Rad,rdufray3c@dagondesign.com,8623409014,LVD-8164,121
122,Philip,pvaune3d@de.vu,2144676546,GWV-7286,122
123,Hermie,hsimoncini3e@sfgate.com,6025360454,GHG-8010,123
124,Granthem,gfoli3f@trellian.com,8506313690,YWL-0875,124
125,Thatcher,tsloey3g@godaddy.com,5159674796,MRJ-3275,125
126,Austin,afihelly3h@amazonaws.com,5169130776,RQC-2858,126
127,Lucien,lkadwallider3i@nba.com,2031239375,WIL-7929,127
128,Lowe,lhelm3j@hostgator.com,7727764921,IWF-7147,128
129,Zacharie,ztownrow3k@wikia.com,7579374245,YVP-2060,129
130,Falito,fdeathe3l@vk.com,9892100455,QLE-2509,130
131,Sancho,spietrasik3m@microsoft.com,6163551341,JJC-3031,131
132,Niko,ngossipin3n@nih.gov,5184221314,WUR-6327,132
133,Ephrem,eparaman3o@china.com.cn,8012159960,CRS-2581,133
134,Oby,obeeble3p@archive.org,9104905075,DRS-2597,134
135,Russ,rshambrook3q@economist.com,8069058966,KEN-6543,135
136,Augy,ashimman3r@cafepress.com,4155546283,IVD-1235,136
137,Alberto,abrockie3s@huffingtonpost.com,2541738495,VJO-1599,137
138,Layton,lrenyard3t@a8.net,8013238646,AHJ-9742,138
139,Tarrance,tfinker3u@nsw.gov.au,9716554308,QRO-5918,139
140,Bald,bgiannazzo3v@fotki.com,4191309687,VBB-5785,140
141,Dalis,dboobyer3w@twitpic.com,2144875635,OJP-9972,141
142,Rollin,rcuesta3x@nationalgeographic.com,7865262504,GYB-6451,142
143,Leslie,lasch3y@nymag.com,7705761281,PTI-4520,143
144,Niccolo,nmcardell3z@ning.com,4238705375,GLL-0374,144
145,Charlton,chand40@irs.gov,7192749511,UFX-2402,145
146,Stephen,shardington41@google.co.uk,2106842338,DNH-6782,146
147,Jake,jkarppi42@theatlantic.com,8139729737,KDI-0831,147
148,Hercules,hjeppensen43@samsung.com,7141729992,XNX-6193,148
149,Ingram,idionisi44@wikipedia.org,4196038892,CYT-8340,149
150,Bern,bcrocket45@yahoo.com,8033711864,MBK-7405,150
151,Herb,hosbourne46@java.com,4051979662,ACQ-2616,151
152,Slade,sagnolo47@jiathis.com,4047820829,JAR-6572,152
153,Berne,bdouce48@spotify.com,4104241705,ZRW-3577,153
154,Alwyn,ajozaitis49@arizona.edu,5103898330,DHD-8472,154
155,Cletus,cbrotherhed4a@oracle.com,6516116440,DJO-3428,155
156,Judas,jashbe4b@omniture.com,9724348882,FUZ-1730,156
157,Dmitri,dkedward4c@un.org,9723098823,SUO-8472,157
158,Shepard,shopkyns4d@wp.com,3347288901,KWN-5428,158
159,Conn,clewins4e@imgur.com,9109415275,DBW-9274,159
160,Garvin,gworland4f@blinklist.com,9416770975,WBR-1321,160
161,Matty,mmehew4g@weebly.com,7069317148,CRK-7771,161
162,Trev,tjansie4h@usnews.com,2391997888,PTK-8386,162
163,Neill,nmainz4i@va.gov,5031911318,REV-2047,163
164,Ferrell,fhammarberg4j@ehow.com,4192034332,AZU-3070,164
165,Pooh,pstute4k@gnu.org,4099245467,QMS-4272,165
166,Valentino,vbrackenridge4l@wix.com,4251466849,YYZ-3383,166
167,Giustino,glodewick4m@aol.com,4152588336,ULM-1422,167
168,Joshuah,jdiroberto4n@state.tx.us,3182176866,DIC-2354,168
169,Kristofor,khalls4o@techcrunch.com,5403185983,MZJ-0670,169
170,Sumner,sroja4p@wisc.edu,8143119277,EOC-0442,170
171,Gerald,gmendus4q@miibeian.gov.cn,9157257424,LPZ-7466,171
172,Aksel,acockley4r@jugem.jp,2032638399,QPZ-2327,172
173,Torrance,tgaze4s@rakuten.co.jp,8437184558,ZRA-6991,173
174,Ellswerth,emaccartair4t@hostgator.com,7247200528,XAX-7723,174
175,Ximenez,xwardley4u@amazon.co.uk,9193854497,SPQ-2635,175
176,Ingrim,idubique4v@hao123.com,2094314556,LNT-3348,176
177,Jan,jbugby4w@yahoo.co.jp,7021380610,CDF-5248,177
178,Jordan,jpawellek4x@tuttocitta.it,4044763372,MBQ-5810,178
179,Giffy,gbalaizot4y@51.la,5129914607,SIA-9161,179
180,Wakefield,wkaye4z@mediafire.com,2107115500,HYM-4481,180
181,Camey,cbutts50@washington.edu,2101508098,QFC-8659,181
182,Saxon,spetriello51@sciencedirect.com,7706029170,SVT-1727,182
183,Dino,dbullion52@networksolutions.com,7037314662,RPQ-9299,183
184,Royall,rcouche53@last.fm,7608333123,GCC-5513,184
185,Kennedy,kjacqueminot54@google.es,9411485658,FTZ-2680,185
186,Davidde,dgerlts55@ycombinator.com,9418684773,OIS-8966,186
187,Pedro,pcaroline56@merriam-webster.com,4847534812,SSJ-7346,187
188,Barri,bbosket57@craigslist.org,3169879126,PLI-4668,188
189,Baldwin,bkenner58@dyndns.org,3148252254,JVD-6465,189
190,Peyter,pcanter59@apple.com,5175785089,GFO-7602,190
191,Hazlett,hbelcham5a@europa.eu,9521819053,AZI-3898,191
192,Donovan,dhales5b@usda.gov,9373288608,XUF-3779,192
193,Maximilien,manglin5c@ox.ac.uk,5863972161,MOP-4612,193
194,Avrom,aheasley5d@ow.ly,4802663735,EIK-4277,194
195,Vidovic,vkobierra5e@omniture.com,2024866158,GQG-5916,195
196,Michele,mkingswold5f@ftc.gov,8655975309,SZS-9392,196
197,Horst,hsertin5g@mail.ru,6191491446,UST-3740,197
198,Care,chovee5h@cbsnews.com,6012321031,STI-1528,198
199,Beau,bbrea5i@ebay.co.uk,2023003771,JMD-8018,199
200,Mohandis,mkamena5j@amazon.co.uk,5031473419,QKO-3456,200